year,province,district,province_district,year_province_district,population
2000,adana,aladag,adana_aladag,2000_adana_aladag,23579
2000,adana,ceyhan,adana_ceyhan,2000_adana_ceyhan,178543
2000,adana,feke,adana_feke,2000_adana_feke,20890
2000,adana,imamoglu,adana_imamoglu,2000_adana_imamoglu,43361
2000,adana,karaisali,adana_karaisali,2000_adana_karaisali,35122
2000,adana,karatas,adana_karatas,2000_adana_karatas,32375
2000,adana,kozan,adana_kozan,2000_adana_kozan,130875
2000,adana,pozanti,adana_pozanti,2000_adana_pozanti,21756
2000,adana,saimbeyli,adana_saimbeyli,2000_adana_saimbeyli,17149
2000,adana,seyhan,adana_seyhan,2000_adana_seyhan,849283
2000,adana,tufanbeyli,adana_tufanbeyli,2000_adana_tufanbeyli,20171
2000,adana,yumurtalik,adana_yumurtalik,2000_adana_yumurtalik,22575
2000,adana,yuregir,adana_yuregir,2000_adana_yuregir,453799
2000,adiyaman,besni,adiyaman_besni,2000_adiyaman_besni,108667
2000,adiyaman,celikhan,adiyaman_celikhan,2000_adiyaman_celikhan,20271
2000,adiyaman,gerger,adiyaman_gerger,2000_adiyaman_gerger,27208
2000,adiyaman,golbasi,adiyaman_golbasi,2000_adiyaman_golbasi,52988
2000,adiyaman,kahta,adiyaman_kahta,2000_adiyaman_kahta,114994
2000,adiyaman,merkez,adiyaman_merkez,2000_adiyaman_merkez,249530
2000,adiyaman,samsat,adiyaman_samsat,2000_adiyaman_samsat,12541
2000,adiyaman,sincik,adiyaman_sincik,2000_adiyaman_sincik,21828
2000,adiyaman,tut,adiyaman_tut,2000_adiyaman_tut,15784
2000,afyonkarahisar,basmakci,afyonkarahisar_basmakci,2000_afyonkarahisar_basmakci,15084
2000,afyonkarahisar,bayat,afyonkarahisar_bayat,2000_afyonkarahisar_bayat,8753
2000,afyonkarahisar,bolvadin,afyonkarahisar_bolvadin,2000_afyonkarahisar_bolvadin,79888
2000,afyonkarahisar,cay,afyonkarahisar_cay,2000_afyonkarahisar_cay,45635
2000,afyonkarahisar,cobanlar,afyonkarahisar_cobanlar,2000_afyonkarahisar_cobanlar,12364
2000,afyonkarahisar,dazkiri,afyonkarahisar_dazkiri,2000_afyonkarahisar_dazkiri,15620
2000,afyonkarahisar,dinar,afyonkarahisar_dinar,2000_afyonkarahisar_dinar,88304
2000,afyonkarahisar,emirdag,afyonkarahisar_emirdag,2000_afyonkarahisar_emirdag,47396
2000,afyonkarahisar,evciler,afyonkarahisar_evciler,2000_afyonkarahisar_evciler,9486
2000,afyonkarahisar,hocalar,afyonkarahisar_hocalar,2000_afyonkarahisar_hocalar,12824
2000,afyonkarahisar,ihsaniye,afyonkarahisar_ihsaniye,2000_afyonkarahisar_ihsaniye,33220
2000,afyonkarahisar,iscehisar,afyonkarahisar_iscehisar,2000_afyonkarahisar_iscehisar,21978
2000,afyonkarahisar,kiziloren,afyonkarahisar_kiziloren,2000_afyonkarahisar_kiziloren,4132
2000,afyonkarahisar,merkez,afyonkarahisar_merkez,2000_afyonkarahisar_merkez,201110
2000,afyonkarahisar,sandikli,afyonkarahisar_sandikli,2000_afyonkarahisar_sandikli,76618
2000,afyonkarahisar,sincanli,afyonkarahisar_sincanli,2000_afyonkarahisar_sincanli,58536
2000,afyonkarahisar,suhut,afyonkarahisar_suhut,2000_afyonkarahisar_suhut,59284
2000,afyonkarahisar,sultandagi,afyonkarahisar_sultandagi,2000_afyonkarahisar_sultandagi,22184
2000,agri,diyadin,agri_diyadin,2000_agri_diyadin,40768
2000,agri,dogubeyazit,agri_dogubeyazit,2000_agri_dogubeyazit,105754
2000,agri,eleskirt,agri_eleskirt,2000_agri_eleskirt,48892
2000,agri,hamur,agri_hamur,2000_agri_hamur,22052
2000,agri,merkez,agri_merkez,2000_agri_merkez,119743
2000,agri,patnos,agri_patnos,2000_agri_patnos,135100
2000,agri,taslicay,agri_taslicay,2000_agri_taslicay,21839
2000,agri,tutak,agri_tutak,2000_agri_tutak,34596
2000,aksaray,agacoren,aksaray_agacoren,2000_aksaray_agacoren,15869
2000,aksaray,eskil,aksaray_eskil,2000_aksaray_eskil,28952
2000,aksaray,gulagac,aksaray_gulagac,2000_aksaray_gulagac,26874
2000,aksaray,guzelyurt,aksaray_guzelyurt,2000_aksaray_guzelyurt,16836
2000,aksaray,merkez,aksaray_merkez,2000_aksaray_merkez,236560
2000,aksaray,ortakoy,aksaray_ortakoy,2000_aksaray_ortakoy,58873
2000,aksaray,sariyahsi,aksaray_sariyahsi,2000_aksaray_sariyahsi,12120
2000,amasya,goynucek,amasya_goynucek,2000_amasya_goynucek,17614
2000,amasya,gumushacikoy,amasya_gumushacikoy,2000_amasya_gumushacikoy,29795
2000,amasya,hamamozu,amasya_hamamozu,2000_amasya_hamamozu,6161
2000,amasya,merkez,amasya_merkez,2000_amasya_merkez,133207
2000,amasya,merzifon,amasya_merzifon,2000_amasya_merzifon,67281
2000,amasya,suluova,amasya_suluova,2000_amasya_suluova,54123
2000,amasya,tasova,amasya_tasova,2000_amasya_tasova,57050
2000,ankara,akyurt,ankara_akyurt,2000_ankara_akyurt,18907
2000,ankara,altindag,ankara_altindag,2000_ankara_altindag,407101
2000,ankara,ayas,ankara_ayas,2000_ankara_ayas,21239
2000,ankara,bala,ankara_bala,2000_ankara_bala,39714
2000,ankara,beypazari,ankara_beypazari,2000_ankara_beypazari,51841
2000,ankara,camlidere,ankara_camlidere,2000_ankara_camlidere,15339
2000,ankara,cankaya,ankara_cankaya,2000_ankara_cankaya,769331
2000,ankara,cubuk,ankara_cubuk,2000_ankara_cubuk,75119
2000,ankara,elmadag,ankara_elmadag,2000_ankara_elmadag,43374
2000,ankara,etimesgut,ankara_etimesgut,2000_ankara_etimesgut,171293
2000,ankara,evren,ankara_evren,2000_ankara_evren,6167
2000,ankara,golbasi,ankara_golbasi,2000_ankara_golbasi,62602
2000,ankara,gudul,ankara_gudul,2000_ankara_gudul,20938
2000,ankara,haymana,ankara_haymana,2000_ankara_haymana,54087
2000,ankara,kalecik,ankara_kalecik,2000_ankara_kalecik,24738
2000,ankara,kazan,ankara_kazan,2000_ankara_kazan,29692
2000,ankara,kecioren,ankara_kecioren,2000_ankara_kecioren,672817
2000,ankara,kizilcahamam,ankara_kizilcahamam,2000_ankara_kizilcahamam,33623
2000,ankara,mamak,ankara_mamak,2000_ankara_mamak,430606
2000,ankara,nallihan,ankara_nallihan,2000_ankara_nallihan,40677
2000,ankara,polatli,ankara_polatli,2000_ankara_polatli,116400
2000,ankara,sincan,ankara_sincan,2000_ankara_sincan,289783
2000,ankara,skochisar,ankara_skochisar,2000_ankara_skochisar,59128
2000,ankara,yenimahalle,ankara_yenimahalle,2000_ankara_yenimahalle,553344
2000,antalya,akseki,antalya_akseki,2000_antalya_akseki,42467
2000,antalya,alanya,antalya_alanya,2000_antalya_alanya,257671
2000,antalya,elmali,antalya_elmali,2000_antalya_elmali,40041
2000,antalya,finike,antalya_finike,2000_antalya_finike,42087
2000,antalya,gazipasa,antalya_gazipasa,2000_antalya_gazipasa,44541
2000,antalya,gundogmus,antalya_gundogmus,2000_antalya_gundogmus,21513
2000,antalya,ibradi,antalya_ibradi,2000_antalya_ibradi,10826
2000,antalya,kale,antalya_kale,2000_antalya_kale,22170
2000,antalya,kas,antalya_kas,2000_antalya_kas,47519
2000,antalya,kemer,antalya_kemer,2000_antalya_kemer,55092
2000,antalya,korkuteli,antalya_korkuteli,2000_antalya_korkuteli,51580
2000,antalya,kumluca,antalya_kumluca,2000_antalya_kumluca,61370
2000,antalya,manavgat,antalya_manavgat,2000_antalya_manavgat,199385
2000,antalya,merkez,antalya_merkez,2000_antalya_merkez,714129
2000,antalya,serik,antalya_serik,2000_antalya_serik,109360
2000,ardahan,cildir,ardahan_cildir,2000_ardahan_cildir,14869
2000,ardahan,damal,ardahan_damal,2000_ardahan_damal,8677
2000,ardahan,gole,ardahan_gole,2000_ardahan_gole,37814
2000,ardahan,hanak,ardahan_hanak,2000_ardahan_hanak,14873
2000,ardahan,merkez,ardahan_merkez,2000_ardahan_merkez,44794
2000,ardahan,posof,ardahan_posof,2000_ardahan_posof,12729
2000,artvin,ardanuc,artvin_ardanuc,2000_artvin_ardanuc,14477
2000,artvin,arhavi,artvin_arhavi,2000_artvin_arhavi,19347
2000,artvin,borcka,artvin_borcka,2000_artvin_borcka,27654
2000,artvin,hopa,artvin_hopa,2000_artvin_hopa,32584
2000,artvin,merkez,artvin_merkez,2000_artvin_merkez,34572
2000,artvin,murgul,artvin_murgul,2000_artvin_murgul,8543
2000,artvin,savsat,artvin_savsat,2000_artvin_savsat,25624
2000,artvin,yusufeli,artvin_yusufeli,2000_artvin_yusufeli,29133
2000,aydin,bozdogan,aydin_bozdogan,2000_aydin_bozdogan,35190
2000,aydin,buharkent,aydin_buharkent,2000_aydin_buharkent,12984
2000,aydin,cine,aydin_cine,2000_aydin_cine,53770
2000,aydin,didim,aydin_didim,2000_aydin_didim,37395
2000,aydin,germencik,aydin_germencik,2000_aydin_germencik,45821
2000,aydin,incirliova,aydin_incirliova,2000_aydin_incirliova,40733
2000,aydin,karacasu,aydin_karacasu,2000_aydin_karacasu,21980
2000,aydin,karpuzlu,aydin_karpuzlu,2000_aydin_karpuzlu,13207
2000,aydin,kocarli,aydin_kocarli,2000_aydin_kocarli,37167
2000,aydin,kosk,aydin_kosk,2000_aydin_kosk,25321
2000,aydin,kusadasi,aydin_kusadasi,2000_aydin_kusadasi,65765
2000,aydin,kuyucak,aydin_kuyucak,2000_aydin_kuyucak,31094
2000,aydin,merkez,aydin_merkez,2000_aydin_merkez,208341
2000,aydin,nazilli,aydin_nazilli,2000_aydin_nazilli,145963
2000,aydin,soke,aydin_soke,2000_aydin_soke,137739
2000,aydin,sultanhisar,aydin_sultanhisar,2000_aydin_sultanhisar,22795
2000,aydin,yenipazar,aydin_yenipazar,2000_aydin_yenipazar,15492
2000,balikesir,ayvalik,balikesir_ayvalik,2000_balikesir_ayvalik,58738
2000,balikesir,balya,balikesir_balya,2000_balikesir_balya,18869
2000,balikesir,bandirma,balikesir_bandirma,2000_balikesir_bandirma,120753
2000,balikesir,bigadic,balikesir_bigadic,2000_balikesir_bigadic,49957
2000,balikesir,burhaniye,balikesir_burhaniye,2000_balikesir_burhaniye,43199
2000,balikesir,dursunbey,balikesir_dursunbey,2000_balikesir_dursunbey,47429
2000,balikesir,edremit,balikesir_edremit,2000_balikesir_edremit,93351
2000,balikesir,erdek,balikesir_erdek,2000_balikesir_erdek,32020
2000,balikesir,gomec,balikesir_gomec,2000_balikesir_gomec,10983
2000,balikesir,gonen,balikesir_gonen,2000_balikesir_gonen,71804
2000,balikesir,havran,balikesir_havran,2000_balikesir_havran,26782
2000,balikesir,ivrindi,balikesir_ivrindi,2000_balikesir_ivrindi,37891
2000,balikesir,kepsut,balikesir_kepsut,2000_balikesir_kepsut,28022
2000,balikesir,manyas,balikesir_manyas,2000_balikesir_manyas,25148
2000,balikesir,marmara,balikesir_marmara,2000_balikesir_marmara,9446
2000,balikesir,merkez,balikesir_merkez,2000_balikesir_merkez,287709
2000,balikesir,savastepe,balikesir_savastepe,2000_balikesir_savastepe,23355
2000,balikesir,sindirgi,balikesir_sindirgi,2000_balikesir_sindirgi,47784
2000,balikesir,susurluk,balikesir_susurluk,2000_balikesir_susurluk,43107
2000,bartin,amasra,bartin_amasra,2000_bartin_amasra,16122
2000,bartin,kurucasile,bartin_kurucasile,2000_bartin_kurucasile,8742
2000,bartin,merkez,bartin_merkez,2000_bartin_merkez,130492
2000,bartin,ulus,bartin_ulus,2000_bartin_ulus,28822
2000,batman,besiri,batman_besiri,2000_batman_besiri,33106
2000,batman,gercus,batman_gercus,2000_batman_gercus,31994
2000,batman,hasankeyf,batman_hasankeyf,2000_batman_hasankeyf,7493
2000,batman,kozluk,batman_kozluk,2000_batman_kozluk,74635
2000,batman,merkez,batman_merkez,2000_batman_merkez,272787
2000,batman,sason,batman_sason,2000_batman_sason,36719
2000,bayburt,aydintepe,bayburt_aydintepe,2000_bayburt_aydintepe,12614
2000,bayburt,demirozu,bayburt_demirozu,2000_bayburt_demirozu,13477
2000,bayburt,merkez,bayburt_merkez,2000_bayburt_merkez,71267
2000,bilecik,bozuyuk,bilecik_bozuyuk,2000_bilecik_bozuyuk,60863
2000,bilecik,golpazari,bilecik_golpazari,2000_bilecik_golpazari,13617
2000,bilecik,inhisar,bilecik_inhisar,2000_bilecik_inhisar,6661
2000,bilecik,merkez,bilecik_merkez,2000_bilecik_merkez,52929
2000,bilecik,osmaneli,bilecik_osmaneli,2000_bilecik_osmaneli,21070
2000,bilecik,pazaryeri,bilecik_pazaryeri,2000_bilecik_pazaryeri,13296
2000,bilecik,sogut,bilecik_sogut,2000_bilecik_sogut,20974
2000,bilecik,yenipazar,bilecik_yenipazar,2000_bilecik_yenipazar,4916
2000,bingol,adakli,bingol_adakli,2000_bingol_adakli,10856
2000,bingol,genc,bingol_genc,2000_bingol_genc,45994
2000,bingol,karliova,bingol_karliova,2000_bingol_karliova,32421
2000,bingol,kigi,bingol_kigi,2000_bingol_kigi,6780
2000,bingol,merkez,bingol_merkez,2000_bingol_merkez,116411
2000,bingol,solhan,bingol_solhan,2000_bingol_solhan,33604
2000,bingol,yayladere,bingol_yayladere,2000_bingol_yayladere,4050
2000,bingol,yedisu,bingol_yedisu,2000_bingol_yedisu,3623
2000,bitlis,adilcevaz,bitlis_adilcevaz,2000_bitlis_adilcevaz,55358
2000,bitlis,ahlat,bitlis_ahlat,2000_bitlis_ahlat,52814
2000,bitlis,guroymak,bitlis_guroymak,2000_bitlis_guroymak,48118
2000,bitlis,hizan,bitlis_hizan,2000_bitlis_hizan,42953
2000,bitlis,merkez,bitlis_merkez,2000_bitlis_merkez,65169
2000,bitlis,mutki,bitlis_mutki,2000_bitlis_mutki,39990
2000,bitlis,tatvan,bitlis_tatvan,2000_bitlis_tatvan,84276
2000,bolu,dortdivan,bolu_dortdivan,2000_bolu_dortdivan,9528
2000,bolu,gerede,bolu_gerede,2000_bolu_gerede,41391
2000,bolu,goynuk,bolu_goynuk,2000_bolu_goynuk,18589
2000,bolu,kibriscik,bolu_kibriscik,2000_bolu_kibriscik,5534
2000,bolu,mengen,bolu_mengen,2000_bolu_mengen,16504
2000,bolu,merkez,bolu_merkez,2000_bolu_merkez,135009
2000,bolu,mudurnu,bolu_mudurnu,2000_bolu_mudurnu,25148
2000,bolu,seben,bolu_seben,2000_bolu_seben,8871
2000,bolu,yenicaga,bolu_yenicaga,2000_bolu_yenicaga,10080
2000,burdur,aglasun,burdur_aglasun,2000_burdur_aglasun,11393
2000,burdur,altinyayla,burdur_altinyayla,2000_burdur_altinyayla,6793
2000,burdur,bucak,burdur_bucak,2000_burdur_bucak,57950
2000,burdur,cavdir,burdur_cavdir,2000_burdur_cavdir,15584
2000,burdur,celtikci,burdur_celtikci,2000_burdur_celtikci,6758
2000,burdur,golhisar,burdur_golhisar,2000_burdur_golhisar,21287
2000,burdur,karamanli,burdur_karamanli,2000_burdur_karamanli,8152
2000,burdur,kemer,burdur_kemer,2000_burdur_kemer,4714
2000,burdur,merkez,burdur_merkez,2000_burdur_merkez,90060
2000,burdur,tefenni,burdur_tefenni,2000_burdur_tefenni,11939
2000,burdur,yesilova,burdur_yesilova,2000_burdur_yesilova,22173
2000,bursa,buyukorhan,bursa_buyukorhan,2000_bursa_buyukorhan,16667
2000,bursa,gemlik,bursa_gemlik,2000_bursa_gemlik,88472
2000,bursa,gursu,bursa_gursu,2000_bursa_gursu,28087
2000,bursa,harmancik,bursa_harmancik,2000_bursa_harmancik,10017
2000,bursa,inegol,bursa_inegol,2000_bursa_inegol,186558
2000,bursa,iznik,bursa_iznik,2000_bursa_iznik,44770
2000,bursa,karacabey,bursa_karacabey,2000_bursa_karacabey,76887
2000,bursa,keles,bursa_keles,2000_bursa_keles,18613
2000,bursa,kestel,bursa_kestel,2000_bursa_kestel,44102
2000,bursa,mkemalpasa,bursa_mkemalpasa,2000_bursa_mkemalpasa,101531
2000,bursa,mudanya,bursa_mudanya,2000_bursa_mudanya,53965
2000,bursa,nilufer,bursa_nilufer,2000_bursa_nilufer,178682
2000,bursa,orhaneli,bursa_orhaneli,2000_bursa_orhaneli,30449
2000,bursa,orhangazi,bursa_orhangazi,2000_bursa_orhangazi,68902
2000,bursa,osmangazi,bursa_osmangazi,2000_bursa_osmangazi,642337
2000,bursa,yenisehir,bursa_yenisehir,2000_bursa_yenisehir,54835
2000,bursa,yildirim,bursa_yildirim,2000_bursa_yildirim,480266
2000,canakkale,ayvacik,canakkale_ayvacik,2000_canakkale_ayvacik,30502
2000,canakkale,bayramic,canakkale_bayramic,2000_canakkale_bayramic,32314
2000,canakkale,biga,canakkale_biga,2000_canakkale_biga,77169
2000,canakkale,bozcaada,canakkale_bozcaada,2000_canakkale_bozcaada,2427
2000,canakkale,can,canakkale_can,2000_canakkale_can,52929
2000,canakkale,eceabat,canakkale_eceabat,2000_canakkale_eceabat,9929
2000,canakkale,ezine,canakkale_ezine,2000_canakkale_ezine,35301
2000,canakkale,gelibolu,canakkale_gelibolu,2000_canakkale_gelibolu,46226
2000,canakkale,gokceada,canakkale_gokceada,2000_canakkale_gokceada,8875
2000,canakkale,lapseki,canakkale_lapseki,2000_canakkale_lapseki,26034
2000,canakkale,merkez,canakkale_merkez,2000_canakkale_merkez,104205
2000,canakkale,yenice,canakkale_yenice,2000_canakkale_yenice,39064
2000,cankiri,atkaracalar,cankiri_atkaracalar,2000_cankiri_atkaracalar,9977
2000,cankiri,bayramoren,cankiri_bayramoren,2000_cankiri_bayramoren,6617
2000,cankiri,cerkes,cankiri_cerkes,2000_cankiri_cerkes,29619
2000,cankiri,eldivan,cankiri_eldivan,2000_cankiri_eldivan,9301
2000,cankiri,ilgaz,cankiri_ilgaz,2000_cankiri_ilgaz,27953
2000,cankiri,kizilirmak,cankiri_kizilirmak,2000_cankiri_kizilirmak,11271
2000,cankiri,korgun,cankiri_korgun,2000_cankiri_korgun,8911
2000,cankiri,kursunlu,cankiri_kursunlu,2000_cankiri_kursunlu,26218
2000,cankiri,merkez,cankiri_merkez,2000_cankiri_merkez,78638
2000,cankiri,orta,cankiri_orta,2000_cankiri_orta,26206
2000,cankiri,sabanozu,cankiri_sabanozu,2000_cankiri_sabanozu,14629
2000,cankiri,yaprakli,cankiri_yaprakli,2000_cankiri_yaprakli,21015
2000,corum,alaca,corum_alaca,2000_corum_alaca,53193
2000,corum,bayat,corum_bayat,2000_corum_bayat,30574
2000,corum,bogazkale,corum_bogazkale,2000_corum_bogazkale,8190
2000,corum,dodurga,corum_dodurga,2000_corum_dodurga,10439
2000,corum,iskilip,corum_iskilip,2000_corum_iskilip,45327
2000,corum,kargi,corum_kargi,2000_corum_kargi,20388
2000,corum,lacin,corum_lacin,2000_corum_lacin,9425
2000,corum,mecitozu,corum_mecitozu,2000_corum_mecitozu,26064
2000,corum,merkez,corum_merkez,2000_corum_merkez,221699
2000,corum,oguzlar,corum_oguzlar,2000_corum_oguzlar,9083
2000,corum,ortakoy,corum_ortakoy,2000_corum_ortakoy,11820
2000,corum,osmancik,corum_osmancik,2000_corum_osmancik,53758
2000,corum,sungurlu,corum_sungurlu,2000_corum_sungurlu,80840
2000,corum,ugurludag,corum_ugurludag,2000_corum_ugurludag,16265
2000,denizli,acipayam,denizli_acipayam,2000_denizli_acipayam,64410
2000,denizli,akkoy,denizli_akkoy,2000_denizli_akkoy,6437
2000,denizli,babadag,denizli_babadag,2000_denizli_babadag,8212
2000,denizli,baklan,denizli_baklan,2000_denizli_baklan,8440
2000,denizli,bekilli,denizli_bekilli,2000_denizli_bekilli,10577
2000,denizli,beyagac,denizli_beyagac,2000_denizli_beyagac,7332
2000,denizli,bozkurt,denizli_bozkurt,2000_denizli_bozkurt,11862
2000,denizli,buldan,denizli_buldan,2000_denizli_buldan,26994
2000,denizli,cal,denizli_cal,2000_denizli_cal,32932
2000,denizli,cameli,denizli_cameli,2000_denizli_cameli,19100
2000,denizli,cardak,denizli_cardak,2000_denizli_cardak,11236
2000,denizli,civril,denizli_civril,2000_denizli_civril,62708
2000,denizli,guney,denizli_guney,2000_denizli_guney,13718
2000,denizli,honaz,denizli_honaz,2000_denizli_honaz,24533
2000,denizli,kale,denizli_kale,2000_denizli_kale,21390
2000,denizli,merkez,denizli_merkez,2000_denizli_merkez,400719
2000,denizli,saraykoy,denizli_saraykoy,2000_denizli_saraykoy,36495
2000,denizli,serinhisar,denizli_serinhisar,2000_denizli_serinhisar,22265
2000,denizli,tavas,denizli_tavas,2000_denizli_tavas,60669
2000,diyarbakir,bismil,diyarbakir_bismil,2000_diyarbakir_bismil,126885
2000,diyarbakir,cermik,diyarbakir_cermik,2000_diyarbakir_cermik,46050
2000,diyarbakir,cinar,diyarbakir_cinar,2000_diyarbakir_cinar,58583
2000,diyarbakir,cungus,diyarbakir_cungus,2000_diyarbakir_cungus,15521
2000,diyarbakir,dicle,diyarbakir_dicle,2000_diyarbakir_dicle,39861
2000,diyarbakir,egil,diyarbakir_egil,2000_diyarbakir_egil,21631
2000,diyarbakir,ergani,diyarbakir_ergani,2000_diyarbakir_ergani,87467
2000,diyarbakir,hani,diyarbakir_hani,2000_diyarbakir_hani,31794
2000,diyarbakir,hazro,diyarbakir_hazro,2000_diyarbakir_hazro,18755
2000,diyarbakir,kocakoy,diyarbakir_kocakoy,2000_diyarbakir_kocakoy,13069
2000,diyarbakir,kulp,diyarbakir_kulp,2000_diyarbakir_kulp,40454
2000,diyarbakir,lice,diyarbakir_lice,2000_diyarbakir_lice,24877
2000,diyarbakir,merkez,diyarbakir_merkez,2000_diyarbakir_merkez,721463
2000,diyarbakir,silvan,diyarbakir_silvan,2000_diyarbakir_silvan,116298
2000,duzce,akcakoca,duzce_akcakoca,2000_duzce_akcakoca,43895
2000,duzce,cilimli,duzce_cilimli,2000_duzce_cilimli,16849
2000,duzce,cumayeri,duzce_cumayeri,2000_duzce_cumayeri,13348
2000,duzce,golyaka,duzce_golyaka,2000_duzce_golyaka,19612
2000,duzce,gumusova,duzce_gumusova,2000_duzce_gumusova,18043
2000,duzce,kaynasli,duzce_kaynasli,2000_duzce_kaynasli,21639
2000,duzce,merkez,duzce_merkez,2000_duzce_merkez,159690
2000,duzce,yigilca,duzce_yigilca,2000_duzce_yigilca,21190
2000,edirne,enez,edirne_enez,2000_edirne_enez,11929
2000,edirne,havsa,edirne_havsa,2000_edirne_havsa,24027
2000,edirne,ipsala,edirne_ipsala,2000_edirne_ipsala,33564
2000,edirne,kesan,edirne_kesan,2000_edirne_kesan,77637
2000,edirne,lalapasa,edirne_lalapasa,2000_edirne_lalapasa,10154
2000,edirne,meric,edirne_meric,2000_edirne_meric,19052
2000,edirne,merkez,edirne_merkez,2000_edirne_merkez,140830
2000,edirne,suleoglu,edirne_suleoglu,2000_edirne_suleoglu,11927
2000,edirne,uzunkopru,edirne_uzunkopru,2000_edirne_uzunkopru,73486
2000,elazig,agin,elazig_agin,2000_elazig_agin,5246
2000,elazig,alacakaya,elazig_alacakaya,2000_elazig_alacakaya,10113
2000,elazig,aricak,elazig_aricak,2000_elazig_aricak,20596
2000,elazig,baskil,elazig_baskil,2000_elazig_baskil,26811
2000,elazig,karakocan,elazig_karakocan,2000_elazig_karakocan,45023
2000,elazig,keban,elazig_keban,2000_elazig_keban,9562
2000,elazig,kovancilar,elazig_kovancilar,2000_elazig_kovancilar,46390
2000,elazig,maden,elazig_maden,2000_elazig_maden,21699
2000,elazig,merkez,elazig_merkez,2000_elazig_merkez,344698
2000,elazig,palu,elazig_palu,2000_elazig_palu,25550
2000,elazig,sivrice,elazig_sivrice,2000_elazig_sivrice,13928
2000,erzincan,cayirli,erzincan_cayirli,2000_erzincan_cayirli,17043
2000,erzincan,ilic,erzincan_ilic,2000_erzincan_ilic,7691
2000,erzincan,kemah,erzincan_kemah,2000_erzincan_kemah,9304
2000,erzincan,kemaliye,erzincan_kemaliye,2000_erzincan_kemaliye,7736
2000,erzincan,merkez,erzincan_merkez,2000_erzincan_merkez,170858
2000,erzincan,otlukbeli,erzincan_otlukbeli,2000_erzincan_otlukbeli,4651
2000,erzincan,refahiye,erzincan_refahiye,2000_erzincan_refahiye,15987
2000,erzincan,tercan,erzincan_tercan,2000_erzincan_tercan,33643
2000,erzincan,uzumlu,erzincan_uzumlu,2000_erzincan_uzumlu,49928
2000,erzurum,askale,erzurum_askale,2000_erzurum_askale,35554
2000,erzurum,cat,erzurum_cat,2000_erzurum_cat,26057
2000,erzurum,hinis,erzurum_hinis,2000_erzurum_hinis,49892
2000,erzurum,horasan,erzurum_horasan,2000_erzurum_horasan,45587
2000,erzurum,ilica,erzurum_ilica,2000_erzurum_ilica,30252
2000,erzurum,ispir,erzurum_ispir,2000_erzurum_ispir,29337
2000,erzurum,karacoban,erzurum_karacoban,2000_erzurum_karacoban,29503
2000,erzurum,karayazi,erzurum_karayazi,2000_erzurum_karayazi,35414
2000,erzurum,koprukoy,erzurum_koprukoy,2000_erzurum_koprukoy,21310
2000,erzurum,merkez,erzurum_merkez,2000_erzurum_merkez,389619
2000,erzurum,narman,erzurum_narman,2000_erzurum_narman,27615
2000,erzurum,oltu,erzurum_oltu,2000_erzurum_oltu,39537
2000,erzurum,olur,erzurum_olur,2000_erzurum_olur,10871
2000,erzurum,pasinler,erzurum_pasinler,2000_erzurum_pasinler,44663
2000,erzurum,pazaryolu,erzurum_pazaryolu,2000_erzurum_pazaryolu,9653
2000,erzurum,senkaya,erzurum_senkaya,2000_erzurum_senkaya,27632
2000,erzurum,tekman,erzurum_tekman,2000_erzurum_tekman,34640
2000,erzurum,tortum,erzurum_tortum,2000_erzurum_tortum,38697
2000,erzurum,uzundere,erzurum_uzundere,2000_erzurum_uzundere,11556
2000,eskisehir,alpu,eskisehir_alpu,2000_eskisehir_alpu,16727
2000,eskisehir,beylikova,eskisehir_beylikova,2000_eskisehir_beylikova,10506
2000,eskisehir,cifteler,eskisehir_cifteler,2000_eskisehir_cifteler,18545
2000,eskisehir,gunyuzu,eskisehir_gunyuzu,2000_eskisehir_gunyuzu,16508
2000,eskisehir,han,eskisehir_han,2000_eskisehir_han,3681
2000,eskisehir,inonu,eskisehir_inonu,2000_eskisehir_inonu,9331
2000,eskisehir,mahmudiye,eskisehir_mahmudiye,2000_eskisehir_mahmudiye,10132
2000,eskisehir,merkez,eskisehir_merkez,2000_eskisehir_merkez,519602
2000,eskisehir,mihalgazi,eskisehir_mihalgazi,2000_eskisehir_mihalgazi,14029
2000,eskisehir,mihaliccik,eskisehir_mihaliccik,2000_eskisehir_mihaliccik,18696
2000,eskisehir,saricakaya,eskisehir_saricakaya,2000_eskisehir_saricakaya,14968
2000,eskisehir,seyitgazi,eskisehir_seyitgazi,2000_eskisehir_seyitgazi,21701
2000,eskisehir,sivrihisar,eskisehir_sivrihisar,2000_eskisehir_sivrihisar,31583
2000,gaziantep,araban,gaziantep_araban,2000_gaziantep_araban,31819
2000,gaziantep,islahiye,gaziantep_islahiye,2000_gaziantep_islahiye,79011
2000,gaziantep,karkamis,gaziantep_karkamis,2000_gaziantep_karkamis,13774
2000,gaziantep,nizip,gaziantep_nizip,2000_gaziantep_nizip,115043
2000,gaziantep,nurdagi,gaziantep_nurdagi,2000_gaziantep_nurdagi,38472
2000,gaziantep,oguzeli,gaziantep_oguzeli,2000_gaziantep_oguzeli,33162
2000,gaziantep,sahinbey,gaziantep_sahinbey,2000_gaziantep_sahinbey,538373
2000,gaziantep,sehitkamil,gaziantep_sehitkamil,2000_gaziantep_sehitkamil,411186
2000,gaziantep,yavuzeli,gaziantep_yavuzeli,2000_gaziantep_yavuzeli,24409
2000,giresun,alucra,giresun_alucra,2000_giresun_alucra,25865
2000,giresun,bulancak,giresun_bulancak,2000_giresun_bulancak,59841
2000,giresun,camoluk,giresun_camoluk,2000_giresun_camoluk,14715
2000,giresun,canakci,giresun_canakci,2000_giresun_canakci,15245
2000,giresun,dereli,giresun_dereli,2000_giresun_dereli,27860
2000,giresun,dogankent,giresun_dogankent,2000_giresun_dogankent,7477
2000,giresun,espiye,giresun_espiye,2000_giresun_espiye,30567
2000,giresun,eynesil,giresun_eynesil,2000_giresun_eynesil,21110
2000,giresun,gorele,giresun_gorele,2000_giresun_gorele,52420
2000,giresun,guce,giresun_guce,2000_giresun_guce,8679
2000,giresun,kesap,giresun_kesap,2000_giresun_kesap,22468
2000,giresun,merkez,giresun_merkez,2000_giresun_merkez,112501
2000,giresun,piraziz,giresun_piraziz,2000_giresun_piraziz,17901
2000,giresun,skarahisar,giresun_skarahisar,2000_giresun_skarahisar,50926
2000,giresun,tirebolu,giresun_tirebolu,2000_giresun_tirebolu,36947
2000,giresun,yaglidere,giresun_yaglidere,2000_giresun_yaglidere,19297
2000,gumushane,kelkit,gumushane_kelkit,2000_gumushane_kelkit,63510
2000,gumushane,kose,gumushane_kose,2000_gumushane_kose,19428
2000,gumushane,kurtun,gumushane_kurtun,2000_gumushane_kurtun,15546
2000,gumushane,merkez,gumushane_merkez,2000_gumushane_merkez,46656
2000,gumushane,siran,gumushane_siran,2000_gumushane_siran,26397
2000,gumushane,torul,gumushane_torul,2000_gumushane_torul,15416
2000,hakkari,cukurca,hakkari_cukurca,2000_hakkari_cukurca,11080
2000,hakkari,merkez,hakkari_merkez,2000_hakkari_merkez,77532
2000,hakkari,semdinli,hakkari_semdinli,2000_hakkari_semdinli,45930
2000,hakkari,yuksekova,hakkari_yuksekova,2000_hakkari_yuksekova,102039
2000,hatay,altinozu,hatay_altinozu,2000_hatay_altinozu,59167
2000,hatay,belen,hatay_belen,2000_hatay_belen,28382
2000,hatay,dortyol,hatay_dortyol,2000_hatay_dortyol,126258
2000,hatay,erzin,hatay_erzin,2000_hatay_erzin,33988
2000,hatay,hassa,hatay_hassa,2000_hatay_hassa,49994
2000,hatay,iskenderun,hatay_iskenderun,2000_hatay_iskenderun,287384
2000,hatay,kirikhan,hatay_kirikhan,2000_hatay_kirikhan,98530
2000,hatay,kumlu,hatay_kumlu,2000_hatay_kumlu,16070
2000,hatay,merkez,hatay_merkez,2000_hatay_merkez,345320
2000,hatay,reyhanli,hatay_reyhanli,2000_hatay_reyhanli,74225
2000,hatay,samandag,hatay_samandag,2000_hatay_samandag,106754
2000,hatay,yayladagi,hatay_yayladagi,2000_hatay_yayladagi,27654
2000,igdir,aralik,igdir_aralik,2000_igdir_aralik,21747
2000,igdir,karakoyunlu,igdir_karakoyunlu,2000_igdir_karakoyunlu,18285
2000,igdir,merkez,igdir_merkez,2000_igdir_merkez,102648
2000,igdir,tuzluca,igdir_tuzluca,2000_igdir_tuzluca,25954
2000,isparta,aksu,isparta_aksu,2000_isparta_aksu,9554
2000,isparta,atabey,isparta_atabey,2000_isparta_atabey,12402
2000,isparta,egirdir,isparta_egirdir,2000_isparta_egirdir,40996
2000,isparta,gelendost,isparta_gelendost,2000_isparta_gelendost,22370
2000,isparta,gonen,isparta_gonen,2000_isparta_gonen,16894
2000,isparta,keciborlu,isparta_keciborlu,2000_isparta_keciborlu,23120
2000,isparta,merkez,isparta_merkez,2000_isparta_merkez,170713
2000,isparta,sarkikaraagac,isparta_sarkikaraagac,2000_isparta_sarkikaraagac,52164
2000,isparta,senirkent,isparta_senirkent,2000_isparta_senirkent,25828
2000,isparta,sutculer,isparta_sutculer,2000_isparta_sutculer,18839
2000,isparta,uluborlu,isparta_uluborlu,2000_isparta_uluborlu,13248
2000,isparta,yalvac,isparta_yalvac,2000_isparta_yalvac,101628
2000,isparta,yenisarbademli,isparta_yenisarbademli,2000_isparta_yenisarbademli,5925
2000,istanbul,adalar,istanbul_adalar,2000_istanbul_adalar,17760
2000,istanbul,avcilar,istanbul_avcilar,2000_istanbul_avcilar,233749
2000,istanbul,bagcilar,istanbul_bagcilar,2000_istanbul_bagcilar,556519
2000,istanbul,bahcelievler,istanbul_bahcelievler,2000_istanbul_bahcelievler,478623
2000,istanbul,bakirkoy,istanbul_bakirkoy,2000_istanbul_bakirkoy,208398
2000,istanbul,bayrampasa,istanbul_bayrampasa,2000_istanbul_bayrampasa,246006
2000,istanbul,besiktas,istanbul_besiktas,2000_istanbul_besiktas,190813
2000,istanbul,beykoz,istanbul_beykoz,2000_istanbul_beykoz,210832
2000,istanbul,beyoglu,istanbul_beyoglu,2000_istanbul_beyoglu,231900
2000,istanbul,buyukcekmece,istanbul_buyukcekmece,2000_istanbul_buyukcekmece,384089
2000,istanbul,catalca,istanbul_catalca,2000_istanbul_catalca,81589
2000,istanbul,eminonu,istanbul_eminonu,2000_istanbul_eminonu,55635
2000,istanbul,esenler,istanbul_esenler,2000_istanbul_esenler,380709
2000,istanbul,eyup,istanbul_eyup,2000_istanbul_eyup,255912
2000,istanbul,fatih,istanbul_fatih,2000_istanbul_fatih,403508
2000,istanbul,gaziosmanpasa,istanbul_gaziosmanpasa,2000_istanbul_gaziosmanpasa,752389
2000,istanbul,gungoren,istanbul_gungoren,2000_istanbul_gungoren,272950
2000,istanbul,kadikoy,istanbul_kadikoy,2000_istanbul_kadikoy,663299
2000,istanbul,kagithane,istanbul_kagithane,2000_istanbul_kagithane,345239
2000,istanbul,kartal,istanbul_kartal,2000_istanbul_kartal,407865
2000,istanbul,kucukcekmece,istanbul_kucukcekmece,2000_istanbul_kucukcekmece,594524
2000,istanbul,maltepe,istanbul_maltepe,2000_istanbul_maltepe,355384
2000,istanbul,pendik,istanbul_pendik,2000_istanbul_pendik,389657
2000,istanbul,sariyer,istanbul_sariyer,2000_istanbul_sariyer,242543
2000,istanbul,sile,istanbul_sile,2000_istanbul_sile,32447
2000,istanbul,silivri,istanbul_silivri,2000_istanbul_silivri,108155
2000,istanbul,sisli,istanbul_sisli,2000_istanbul_sisli,270674
2000,istanbul,sultanbeyli,istanbul_sultanbeyli,2000_istanbul_sultanbeyli,175700
2000,istanbul,tuzla,istanbul_tuzla,2000_istanbul_tuzla,123225
2000,istanbul,umraniye,istanbul_umraniye,2000_istanbul_umraniye,605855
2000,istanbul,uskudar,istanbul_uskudar,2000_istanbul_uskudar,495118
2000,istanbul,zeytinburnu,istanbul_zeytinburnu,2000_istanbul_zeytinburnu,247669
2000,izmir,aliaga,izmir_aliaga,2000_izmir_aliaga,57192
2000,izmir,balcova,izmir_balcova,2000_izmir_balcova,66877
2000,izmir,bayindir,izmir_bayindir,2000_izmir_bayindir,47214
2000,izmir,bergama,izmir_bergama,2000_izmir_bergama,106536
2000,izmir,beydag,izmir_beydag,2000_izmir_beydag,14147
2000,izmir,bornova,izmir_bornova,2000_izmir_bornova,396770
2000,izmir,buca,izmir_buca,2000_izmir_buca,315136
2000,izmir,cesme,izmir_cesme,2000_izmir_cesme,37372
2000,izmir,cigli,izmir_cigli,2000_izmir_cigli,113543
2000,izmir,dikili,izmir_dikili,2000_izmir_dikili,30115
2000,izmir,foca,izmir_foca,2000_izmir_foca,36107
2000,izmir,gaziemir,izmir_gaziemir,2000_izmir_gaziemir,87692
2000,izmir,guzelbahce,izmir_guzelbahce,2000_izmir_guzelbahce,18190
2000,izmir,karaburun,izmir_karaburun,2000_izmir_karaburun,13446
2000,izmir,karsiyaka,izmir_karsiyaka,2000_izmir_karsiyaka,438764
2000,izmir,kemalpasa,izmir_kemalpasa,2000_izmir_kemalpasa,73114
2000,izmir,kinik,izmir_kinik,2000_izmir_kinik,32109
2000,izmir,kiraz,izmir_kiraz,2000_izmir_kiraz,44910
2000,izmir,konak,izmir_konak,2000_izmir_konak,782309
2000,izmir,menderes,izmir_menderes,2000_izmir_menderes,73002
2000,izmir,menemen,izmir_menemen,2000_izmir_menemen,114457
2000,izmir,narlidere,izmir_narlidere,2000_izmir_narlidere,54107
2000,izmir,odemis,izmir_odemis,2000_izmir_odemis,128259
2000,izmir,seferihisar,izmir_seferihisar,2000_izmir_seferihisar,34761
2000,izmir,selcuk,izmir_selcuk,2000_izmir_selcuk,33594
2000,izmir,tire,izmir_tire,2000_izmir_tire,78658
2000,izmir,torbali,izmir_torbali,2000_izmir_torbali,93216
2000,izmir,urla,izmir_urla,2000_izmir_urla,49269
2000,kahramanmaras,afsin,kahramanmaras_afsin,2000_kahramanmaras_afsin,92718
2000,kahramanmaras,andirin,kahramanmaras_andirin,2000_kahramanmaras_andirin,41051
2000,kahramanmaras,caglayancerit,kahramanmaras_caglayancerit,2000_kahramanmaras_caglayancerit,29580
2000,kahramanmaras,ekinozu,kahramanmaras_ekinozu,2000_kahramanmaras_ekinozu,17102
2000,kahramanmaras,elbistan,kahramanmaras_elbistan,2000_kahramanmaras_elbistan,128267
2000,kahramanmaras,goksun,kahramanmaras_goksun,2000_kahramanmaras_goksun,76033
2000,kahramanmaras,merkez,kahramanmaras_merkez,2000_kahramanmaras_merkez,465370
2000,kahramanmaras,nurhak,kahramanmaras_nurhak,2000_kahramanmaras_nurhak,17260
2000,kahramanmaras,pazarcik,kahramanmaras_pazarcik,2000_kahramanmaras_pazarcik,72628
2000,kahramanmaras,turkoglu,kahramanmaras_turkoglu,2000_kahramanmaras_turkoglu,62375
2000,karabuk,eflani,karabuk_eflani,2000_karabuk_eflani,12270
2000,karabuk,eskipazar,karabuk_eskipazar,2000_karabuk_eskipazar,16365
2000,karabuk,merkez,karabuk_merkez,2000_karabuk_merkez,116804
2000,karabuk,ovacik,karabuk_ovacik,2000_karabuk_ovacik,5455
2000,karabuk,safranbolu,karabuk_safranbolu,2000_karabuk_safranbolu,47257
2000,karabuk,yenice,karabuk_yenice,2000_karabuk_yenice,26951
2000,karaman,ayranci,karaman_ayranci,2000_karaman_ayranci,13212
2000,karaman,basyayla,karaman_basyayla,2000_karaman_basyayla,8155
2000,karaman,ermenek,karaman_ermenek,2000_karaman_ermenek,42643
2000,karaman,kazimkarabekir,karaman_kazimkarabekir,2000_karaman_kazimkarabekir,5442
2000,karaman,merkez,karaman_merkez,2000_karaman_merkez,152450
2000,karaman,sariveliler,karaman_sariveliler,2000_karaman_sariveliler,21308
2000,kars,akyaka,kars_akyaka,2000_kars_akyaka,14526
2000,kars,arpacay,kars_arpacay,2000_kars_arpacay,24995
2000,kars,digor,kars_digor,2000_kars_digor,25125
2000,kars,kagizman,kars_kagizman,2000_kars_kagizman,48908
2000,kars,merkez,kars_merkez,2000_kars_merkez,114071
2000,kars,sarikamis,kars_sarikamis,2000_kars_sarikamis,57026
2000,kars,selim,kars_selim,2000_kars_selim,25480
2000,kars,susuz,kars_susuz,2000_kars_susuz,14885
2000,kastamonu,abana,kastamonu_abana,2000_kastamonu_abana,4273
2000,kastamonu,agli,kastamonu_agli,2000_kastamonu_agli,4193
2000,kastamonu,arac,kastamonu_arac,2000_kastamonu_arac,24180
2000,kastamonu,azdavay,kastamonu_azdavay,2000_kastamonu_azdavay,9019
2000,kastamonu,bozkurt,kastamonu_bozkurt,2000_kastamonu_bozkurt,10159
2000,kastamonu,catalzeytin,kastamonu_catalzeytin,2000_kastamonu_catalzeytin,8508
2000,kastamonu,cide,kastamonu_cide,2000_kastamonu_cide,23161
2000,kastamonu,daday,kastamonu_daday,2000_kastamonu_daday,11181
2000,kastamonu,devrekani,kastamonu_devrekani,2000_kastamonu_devrekani,15855
2000,kastamonu,doganyurt,kastamonu_doganyurt,2000_kastamonu_doganyurt,9668
2000,kastamonu,hanonu,kastamonu_hanonu,2000_kastamonu_hanonu,5545
2000,kastamonu,ihsangazi,kastamonu_ihsangazi,2000_kastamonu_ihsangazi,7068
2000,kastamonu,inebolu,kastamonu_inebolu,2000_kastamonu_inebolu,26848
2000,kastamonu,kure,kastamonu_kure,2000_kastamonu_kure,10223
2000,kastamonu,merkez,kastamonu_merkez,2000_kastamonu_merkez,102059
2000,kastamonu,pinarbasi,kastamonu_pinarbasi,2000_kastamonu_pinarbasi,5978
2000,kastamonu,senpazar,kastamonu_senpazar,2000_kastamonu_senpazar,6494
2000,kastamonu,seydiler,kastamonu_seydiler,2000_kastamonu_seydiler,5269
2000,kastamonu,taskopru,kastamonu_taskopru,2000_kastamonu_taskopru,43800
2000,kastamonu,tosya,kastamonu_tosya,2000_kastamonu_tosya,41995
2000,kayseri,akkisla,kayseri_akkisla,2000_kayseri_akkisla,9864
2000,kayseri,bunyan,kayseri_bunyan,2000_kayseri_bunyan,39542
2000,kayseri,develi,kayseri_develi,2000_kayseri_develi,70893
2000,kayseri,felahiye,kayseri_felahiye,2000_kayseri_felahiye,16650
2000,kayseri,hacilar,kayseri_hacilar,2000_kayseri_hacilar,20896
2000,kayseri,incesu,kayseri_incesu,2000_kayseri_incesu,22616
2000,kayseri,kocasinan,kayseri_kocasinan,2000_kayseri_kocasinan,321032
2000,kayseri,melikgazi,kayseri_melikgazi,2000_kayseri_melikgazi,311322
2000,kayseri,ozvatan,kayseri_ozvatan,2000_kayseri_ozvatan,10482
2000,kayseri,pinarbasi,kayseri_pinarbasi,2000_kayseri_pinarbasi,35388
2000,kayseri,sarioglan,kayseri_sarioglan,2000_kayseri_sarioglan,27801
2000,kayseri,sariz,kayseri_sariz,2000_kayseri_sariz,14596
2000,kayseri,talas,kayseri_talas,2000_kayseri_talas,55509
2000,kayseri,tomarza,kayseri_tomarza,2000_kayseri_tomarza,35808
2000,kayseri,yahyali,kayseri_yahyali,2000_kayseri_yahyali,43203
2000,kayseri,yesilhisar,kayseri_yesilhisar,2000_kayseri_yesilhisar,24830
2000,kilis,elbeyli,kilis_elbeyli,2000_kilis_elbeyli,7992
2000,kilis,merkez,kilis_merkez,2000_kilis_merkez,87387
2000,kilis,musabeyli,kilis_musabeyli,2000_kilis_musabeyli,13895
2000,kilis,polateli,kilis_polateli,2000_kilis_polateli,5450
2000,kirikkale,bahsili,kirikkale_bahsili,2000_kirikkale_bahsili,8525
2000,kirikkale,baliseyh,kirikkale_baliseyh,2000_kirikkale_baliseyh,13702
2000,kirikkale,celebi,kirikkale_celebi,2000_kirikkale_celebi,7210
2000,kirikkale,delice,kirikkale_delice,2000_kirikkale_delice,31042
2000,kirikkale,karakecili,kirikkale_karakecili,2000_kirikkale_karakecili,8296
2000,kirikkale,keskin,kirikkale_keskin,2000_kirikkale_keskin,59150
2000,kirikkale,merkez,kirikkale_merkez,2000_kirikkale_merkez,225005
2000,kirikkale,sulakyurt,kirikkale_sulakyurt,2000_kirikkale_sulakyurt,16480
2000,kirikkale,yahsihan,kirikkale_yahsihan,2000_kirikkale_yahsihan,14098
2000,kirklareli,babaeski,kirklareli_babaeski,2000_kirklareli_babaeski,53655
2000,kirklareli,demirkoy,kirklareli_demirkoy,2000_kirklareli_demirkoy,11407
2000,kirklareli,kofcaz,kirklareli_kofcaz,2000_kirklareli_kofcaz,4166
2000,kirklareli,luleburgaz,kirklareli_luleburgaz,2000_kirklareli_luleburgaz,117606
2000,kirklareli,merkez,kirklareli_merkez,2000_kirklareli_merkez,80730
2000,kirklareli,pehlivankoy,kirklareli_pehlivankoy,2000_kirklareli_pehlivankoy,5892
2000,kirklareli,pinarhisar,kirklareli_pinarhisar,2000_kirklareli_pinarhisar,22729
2000,kirklareli,vize,kirklareli_vize,2000_kirklareli_vize,32276
2000,kirsehir,akcakent,kirsehir_akcakent,2000_kirsehir_akcakent,7700
2000,kirsehir,akpinar,kirsehir_akpinar,2000_kirsehir_akpinar,13349
2000,kirsehir,boztepe,kirsehir_boztepe,2000_kirsehir_boztepe,10189
2000,kirsehir,cicekdagi,kirsehir_cicekdagi,2000_kirsehir_cicekdagi,21059
2000,kirsehir,kaman,kirsehir_kaman,2000_kirsehir_kaman,60919
2000,kirsehir,merkez,kirsehir_merkez,2000_kirsehir_merkez,115078
2000,kirsehir,mucur,kirsehir_mucur,2000_kirsehir_mucur,24945
2000,kocaeli,derince,kocaeli_derince,2000_kocaeli_derince,97283
2000,kocaeli,gebze,kocaeli_gebze,2000_kocaeli_gebze,421932
2000,kocaeli,golcuk,kocaeli_golcuk,2000_kocaeli_golcuk,107615
2000,kocaeli,kandira,kocaeli_kandira,2000_kocaeli_kandira,52418
2000,kocaeli,karamursel,kocaeli_karamursel,2000_kocaeli_karamursel,48508
2000,kocaeli,korfez,kocaeli_korfez,2000_kocaeli_korfez,105295
2000,kocaeli,merkez,kocaeli_merkez,2000_kocaeli_merkez,373034
2000,konya,ahirli,konya_ahirli,2000_konya_ahirli,14254
2000,konya,akoren,konya_akoren,2000_konya_akoren,17230
2000,konya,aksehir,konya_aksehir,2000_konya_aksehir,114918
2000,konya,altinekin,konya_altinekin,2000_konya_altinekin,23062
2000,konya,beysehir,konya_beysehir,2000_konya_beysehir,118144
2000,konya,bozkir,konya_bozkir,2000_konya_bozkir,55067
2000,konya,celtik,konya_celtik,2000_konya_celtik,14460
2000,konya,cihanbeyli,konya_cihanbeyli,2000_konya_cihanbeyli,75871
2000,konya,cumra,konya_cumra,2000_konya_cumra,104576
2000,konya,derbent,konya_derbent,2000_konya_derbent,14372
2000,konya,derebucak,konya_derebucak,2000_konya_derebucak,19053
2000,konya,doganhisar,konya_doganhisar,2000_konya_doganhisar,36162
2000,konya,emirgazi,konya_emirgazi,2000_konya_emirgazi,14698
2000,konya,eregli,konya_eregli,2000_konya_eregli,126117
2000,konya,guneysinir,konya_guneysinir,2000_konya_guneysinir,24301
2000,konya,hadim,konya_hadim,2000_konya_hadim,59941
2000,konya,halkapinar,konya_halkapinar,2000_konya_halkapinar,6255
2000,konya,huyuk,konya_huyuk,2000_konya_huyuk,52110
2000,konya,ilgin,konya_ilgin,2000_konya_ilgin,75681
2000,konya,kadinhani,konya_kadinhani,2000_konya_kadinhani,41844
2000,konya,karapinar,konya_karapinar,2000_konya_karapinar,55734
2000,konya,karatay,konya_karatay,2000_konya_karatay,214589
2000,konya,kulu,konya_kulu,2000_konya_kulu,72279
2000,konya,meram,konya_meram,2000_konya_meram,267878
2000,konya,sarayonu,konya_sarayonu,2000_konya_sarayonu,36525
2000,konya,selcuklu,konya_selcuklu,2000_konya_selcuklu,348329
2000,konya,seydisehir,konya_seydisehir,2000_konya_seydisehir,85456
2000,konya,taskent,konya_taskent,2000_konya_taskent,46396
2000,konya,tuzlukcu,konya_tuzlukcu,2000_konya_tuzlukcu,9783
2000,konya,yalihuyuk,konya_yalihuyuk,2000_konya_yalihuyuk,5575
2000,konya,yunak,konya_yunak,2000_konya_yunak,41506
2000,kutahya,altintas,kutahya_altintas,2000_kutahya_altintas,25271
2000,kutahya,aslanapa,kutahya_aslanapa,2000_kutahya_aslanapa,13094
2000,kutahya,cavdarhisar,kutahya_cavdarhisar,2000_kutahya_cavdarhisar,13538
2000,kutahya,domanic,kutahya_domanic,2000_kutahya_domanic,19560
2000,kutahya,dumlupinar,kutahya_dumlupinar,2000_kutahya_dumlupinar,5494
2000,kutahya,emet,kutahya_emet,2000_kutahya_emet,45994
2000,kutahya,gediz,kutahya_gediz,2000_kutahya_gediz,77483
2000,kutahya,hisarcik,kutahya_hisarcik,2000_kutahya_hisarcik,20902
2000,kutahya,merkez,kutahya_merkez,2000_kutahya_merkez,207905
2000,kutahya,pazarlar,kutahya_pazarlar,2000_kutahya_pazarlar,12409
2000,kutahya,saphane,kutahya_saphane,2000_kutahya_saphane,11715
2000,kutahya,simav,kutahya_simav,2000_kutahya_simav,103763
2000,kutahya,tavsanli,kutahya_tavsanli,2000_kutahya_tavsanli,99775
2000,malatya,akcadag,malatya_akcadag,2000_malatya_akcadag,48670
2000,malatya,arapkir,malatya_arapkir,2000_malatya_arapkir,16625
2000,malatya,arguvan,malatya_arguvan,2000_malatya_arguvan,10594
2000,malatya,battalgazi,malatya_battalgazi,2000_malatya_battalgazi,28085
2000,malatya,darende,malatya_darende,2000_malatya_darende,54438
2000,malatya,dogansehir,malatya_dogansehir,2000_malatya_dogansehir,60708
2000,malatya,doganyol,malatya_doganyol,2000_malatya_doganyol,10778
2000,malatya,hekimhan,malatya_hekimhan,2000_malatya_hekimhan,42515
2000,malatya,kale,malatya_kale,2000_malatya_kale,9569
2000,malatya,kuluncak,malatya_kuluncak,2000_malatya_kuluncak,20882
2000,malatya,merkez,malatya_merkez,2000_malatya_merkez,457566
2000,malatya,poturge,malatya_poturge,2000_malatya_poturge,28382
2000,malatya,yazihan,malatya_yazihan,2000_malatya_yazihan,19295
2000,malatya,yesilyurt,malatya_yesilyurt,2000_malatya_yesilyurt,45551
2000,manisa,ahmetli,manisa_ahmetli,2000_manisa_ahmetli,18852
2000,manisa,akhisar,manisa_akhisar,2000_manisa_akhisar,152582
2000,manisa,alasehir,manisa_alasehir,2000_manisa_alasehir,93760
2000,manisa,demirci,manisa_demirci,2000_manisa_demirci,59314
2000,manisa,golmarmara,manisa_golmarmara,2000_manisa_golmarmara,17831
2000,manisa,gordes,manisa_gordes,2000_manisa_gordes,38110
2000,manisa,kirkagac,manisa_kirkagac,2000_manisa_kirkagac,48303
2000,manisa,koprubasi,manisa_koprubasi,2000_manisa_koprubasi,10851
2000,manisa,kula,manisa_kula,2000_manisa_kula,52986
2000,manisa,merkez,manisa_merkez,2000_manisa_merkez,278555
2000,manisa,salihli,manisa_salihli,2000_manisa_salihli,149151
2000,manisa,sarigol,manisa_sarigol,2000_manisa_sarigol,35621
2000,manisa,saruhanli,manisa_saruhanli,2000_manisa_saruhanli,68134
2000,manisa,selendi,manisa_selendi,2000_manisa_selendi,26061
2000,manisa,soma,manisa_soma,2000_manisa_soma,89038
2000,manisa,turgutlu,manisa_turgutlu,2000_manisa_turgutlu,121020
2000,mardin,dargecit,mardin_dargecit,2000_mardin_dargecit,27611
2000,mardin,derik,mardin_derik,2000_mardin_derik,55278
2000,mardin,kiziltepe,mardin_kiziltepe,2000_mardin_kiziltepe,183475
2000,mardin,mazidagi,mardin_mazidagi,2000_mardin_mazidagi,27434
2000,mardin,merkez,mardin_merkez,2000_mardin_merkez,108340
2000,mardin,midyat,mardin_midyat,2000_mardin_midyat,128085
2000,mardin,nusaybin,mardin_nusaybin,2000_mardin_nusaybin,103863
2000,mardin,omerli,mardin_omerli,2000_mardin_omerli,14584
2000,mardin,savur,mardin_savur,2000_mardin_savur,34402
2000,mardin,yesilli,mardin_yesilli,2000_mardin_yesilli,22026
2000,mersin,anamur,mersin_anamur,2000_mersin_anamur,83864
2000,mersin,aydincik,mersin_aydincik,2000_mersin_aydincik,11501
2000,mersin,bozyazi,mersin_bozyazi,2000_mersin_bozyazi,43835
2000,mersin,camliyayla,mersin_camliyayla,2000_mersin_camliyayla,18964
2000,mersin,erdemli,mersin_erdemli,2000_mersin_erdemli,142355
2000,mersin,gulnar,mersin_gulnar,2000_mersin_gulnar,38292
2000,mersin,merkez,mersin_merkez,2000_mersin_merkez,733660
2000,mersin,mut,mersin_mut,2000_mersin_mut,74373
2000,mersin,silifke,mersin_silifke,2000_mersin_silifke,156351
2000,mersin,tarsus,mersin_tarsus,2000_mersin_tarsus,348205
2000,mugla,bodrum,mugla_bodrum,2000_mugla_bodrum,97826
2000,mugla,dalaman,mugla_dalaman,2000_mugla_dalaman,28148
2000,mugla,datca,mugla_datca,2000_mugla_datca,13914
2000,mugla,fethiye,mugla_fethiye,2000_mugla_fethiye,154209
2000,mugla,kavaklidere,mugla_kavaklidere,2000_mugla_kavaklidere,12548
2000,mugla,koycegiz,mugla_koycegiz,2000_mugla_koycegiz,29196
2000,mugla,marmaris,mugla_marmaris,2000_mugla_marmaris,79302
2000,mugla,merkez,mugla_merkez,2000_mugla_merkez,83511
2000,mugla,milas,mugla_milas,2000_mugla_milas,112808
2000,mugla,ortaca,mugla_ortaca,2000_mugla_ortaca,35670
2000,mugla,ula,mugla_ula,2000_mugla_ula,21944
2000,mugla,yatagan,mugla_yatagan,2000_mugla_yatagan,46252
2000,mus,bulanik,mus_bulanik,2000_mus_bulanik,99819
2000,mus,haskoy,mus_haskoy,2000_mus_haskoy,39915
2000,mus,korkut,mus_korkut,2000_mus_korkut,32416
2000,mus,malazgirt,mus_malazgirt,2000_mus_malazgirt,68990
2000,mus,merkez,mus_merkez,2000_mus_merkez,171023
2000,mus,varto,mus_varto,2000_mus_varto,41491
2000,nevsehir,acigol,nevsehir_acigol,2000_nevsehir_acigol,24844
2000,nevsehir,avanos,nevsehir_avanos,2000_nevsehir_avanos,43131
2000,nevsehir,derinkuyu,nevsehir_derinkuyu,2000_nevsehir_derinkuyu,24631
2000,nevsehir,gulsehir,nevsehir_gulsehir,2000_nevsehir_gulsehir,31664
2000,nevsehir,hacibektas,nevsehir_hacibektas,2000_nevsehir_hacibektas,18933
2000,nevsehir,kozakli,nevsehir_kozakli,2000_nevsehir_kozakli,23629
2000,nevsehir,merkez,nevsehir_merkez,2000_nevsehir_merkez,105078
2000,nevsehir,urgup,nevsehir_urgup,2000_nevsehir_urgup,38004
2000,nigde,altunhisar,nigde_altunhisar,2000_nigde_altunhisar,22284
2000,nigde,bor,nigde_bor,2000_nigde_bor,63020
2000,nigde,camardi,nigde_camardi,2000_nigde_camardi,20302
2000,nigde,ciftlik,nigde_ciftlik,2000_nigde_ciftlik,32151
2000,nigde,merkez,nigde_merkez,2000_nigde_merkez,177396
2000,nigde,ulukisla,nigde_ulukisla,2000_nigde_ulukisla,32928
2000,ordu,akkus,ordu_akkus,2000_ordu_akkus,49799
2000,ordu,aybasti,ordu_aybasti,2000_ordu_aybasti,31071
2000,ordu,camas,ordu_camas,2000_ordu_camas,13650
2000,ordu,catalpinar,ordu_catalpinar,2000_ordu_catalpinar,23192
2000,ordu,caybasi,ordu_caybasi,2000_ordu_caybasi,15372
2000,ordu,fatsa,ordu_fatsa,2000_ordu_fatsa,120774
2000,ordu,golkoy,ordu_golkoy,2000_ordu_golkoy,66491
2000,ordu,gulyali,ordu_gulyali,2000_ordu_gulyali,10566
2000,ordu,gurgentepe,ordu_gurgentepe,2000_ordu_gurgentepe,36860
2000,ordu,ikizce,ordu_ikizce,2000_ordu_ikizce,30362
2000,ordu,kabaduz,ordu_kabaduz,2000_ordu_kabaduz,11049
2000,ordu,kabatas,ordu_kabatas,2000_ordu_kabatas,20644
2000,ordu,korgan,ordu_korgan,2000_ordu_korgan,41628
2000,ordu,kumru,ordu_kumru,2000_ordu_kumru,44307
2000,ordu,merkez,ordu_merkez,2000_ordu_merkez,150586
2000,ordu,mesudiye,ordu_mesudiye,2000_ordu_mesudiye,28551
2000,ordu,persembe,ordu_persembe,2000_ordu_persembe,37512
2000,ordu,ulubey,ordu_ulubey,2000_ordu_ulubey,29227
2000,ordu,unye,ordu_unye,2000_ordu_unye,126124
2000,osmaniye,bahce,osmaniye_bahce,2000_osmaniye_bahce,26398
2000,osmaniye,duzici,osmaniye_duzici,2000_osmaniye_duzici,83709
2000,osmaniye,hasanbeyli,osmaniye_hasanbeyli,2000_osmaniye_hasanbeyli,7101
2000,osmaniye,kadirli,osmaniye_kadirli,2000_osmaniye_kadirli,102417
2000,osmaniye,merkez,osmaniye_merkez,2000_osmaniye_merkez,207862
2000,osmaniye,sumbas,osmaniye_sumbas,2000_osmaniye_sumbas,16776
2000,osmaniye,toprakkale,osmaniye_toprakkale,2000_osmaniye_toprakkale,14519
2000,rize,ardesen,rize_ardesen,2000_rize_ardesen,58499
2000,rize,camlihemsin,rize_camlihemsin,2000_rize_camlihemsin,8237
2000,rize,cayeli,rize_cayeli,2000_rize_cayeli,51816
2000,rize,derepazari,rize_derepazari,2000_rize_derepazari,10239
2000,rize,findikli,rize_findikli,2000_rize_findikli,16740
2000,rize,guneysu,rize_guneysu,2000_rize_guneysu,16522
2000,rize,hemsin,rize_hemsin,2000_rize_hemsin,4435
2000,rize,ikizdere,rize_ikizdere,2000_rize_ikizdere,10710
2000,rize,iyidere,rize_iyidere,2000_rize_iyidere,10074
2000,rize,kalkandere,rize_kalkandere,2000_rize_kalkandere,19131
2000,rize,merkez,rize_merkez,2000_rize_merkez,127320
2000,rize,pazar,rize_pazar,2000_rize_pazar,32215
2000,sakarya,akyazi,sakarya_akyazi,2000_sakarya_akyazi,77536
2000,sakarya,ferizli,sakarya_ferizli,2000_sakarya_ferizli,24383
2000,sakarya,geyve,sakarya_geyve,2000_sakarya_geyve,44907
2000,sakarya,hendek,sakarya_hendek,2000_sakarya_hendek,63703
2000,sakarya,karapurcek,sakarya_karapurcek,2000_sakarya_karapurcek,11073
2000,sakarya,karasu,sakarya_karasu,2000_sakarya_karasu,54630
2000,sakarya,kaynarca,sakarya_kaynarca,2000_sakarya_kaynarca,24339
2000,sakarya,kocaali,sakarya_kocaali,2000_sakarya_kocaali,30676
2000,sakarya,merkez,sakarya_merkez,2000_sakarya_merkez,340825
2000,sakarya,pamukova,sakarya_pamukova,2000_sakarya_pamukova,24072
2000,sakarya,sapanca,sakarya_sapanca,2000_sakarya_sapanca,36496
2000,sakarya,sogutlu,sakarya_sogutlu,2000_sakarya_sogutlu,14316
2000,sakarya,tarakli,sakarya_tarakli,2000_sakarya_tarakli,9212
2000,samsun,42143,samsun_42143,2000_samsun_42143,25820
2000,samsun,alacam,samsun_alacam,2000_samsun_alacam,37490
2000,samsun,asarcik,samsun_asarcik,2000_samsun_asarcik,18267
2000,samsun,ayvacik,samsun_ayvacik,2000_samsun_ayvacik,24275
2000,samsun,bafra,samsun_bafra,2000_samsun_bafra,157010
2000,samsun,carsamba,samsun_carsamba,2000_samsun_carsamba,131194
2000,samsun,havza,samsun_havza,2000_samsun_havza,53512
2000,samsun,kavak,samsun_kavak,2000_samsun_kavak,27371
2000,samsun,ladik,samsun_ladik,2000_samsun_ladik,22041
2000,samsun,merkez,samsun_merkez,2000_samsun_merkez,437189
2000,samsun,salipazari,samsun_salipazari,2000_samsun_salipazari,25113
2000,samsun,tekkekoy,samsun_tekkekoy,2000_samsun_tekkekoy,50476
2000,samsun,terme,samsun_terme,2000_samsun_terme,82608
2000,samsun,vezirkopru,samsun_vezirkopru,2000_samsun_vezirkopru,106139
2000,samsun,yakakent,samsun_yakakent,2000_samsun_yakakent,10632
2000,sanliurfa,akcakale,sanliurfa_akcakale,2000_sanliurfa_akcakale,77261
2000,sanliurfa,birecik,sanliurfa_birecik,2000_sanliurfa_birecik,74671
2000,sanliurfa,bozova,sanliurfa_bozova,2000_sanliurfa_bozova,65842
2000,sanliurfa,ceylanpinar,sanliurfa_ceylanpinar,2000_sanliurfa_ceylanpinar,67817
2000,sanliurfa,halfeti,sanliurfa_halfeti,2000_sanliurfa_halfeti,34402
2000,sanliurfa,harran,sanliurfa_harran,2000_sanliurfa_harran,56258
2000,sanliurfa,hilvan,sanliurfa_hilvan,2000_sanliurfa_hilvan,38411
2000,sanliurfa,merkez,sanliurfa_merkez,2000_sanliurfa_merkez,534706
2000,sanliurfa,siverek,sanliurfa_siverek,2000_sanliurfa_siverek,224102
2000,sanliurfa,suruc,sanliurfa_suruc,2000_sanliurfa_suruc,82247
2000,sanliurfa,viransehir,sanliurfa_viransehir,2000_sanliurfa_viransehir,187705
2000,siirt,aydinlar,siirt_aydinlar,2000_siirt_aydinlar,5054
2000,siirt,baykan,siirt_baykan,2000_siirt_baykan,31500
2000,siirt,eruh,siirt_eruh,2000_siirt_eruh,15455
2000,siirt,kurtalan,siirt_kurtalan,2000_siirt_kurtalan,53521
2000,siirt,merkez,siirt_merkez,2000_siirt_merkez,107313
2000,siirt,pervari,siirt_pervari,2000_siirt_pervari,28834
2000,siirt,sirvan,siirt_sirvan,2000_siirt_sirvan,21999
2000,sinop,ayancik,sinop_ayancik,2000_sinop_ayancik,26047
2000,sinop,boyabat,sinop_boyabat,2000_sinop_boyabat,45193
2000,sinop,dikmen,sinop_dikmen,2000_sinop_dikmen,9475
2000,sinop,duragan,sinop_duragan,2000_sinop_duragan,28792
2000,sinop,erfelek,sinop_erfelek,2000_sinop_erfelek,13812
2000,sinop,gerze,sinop_gerze,2000_sinop_gerze,23295
2000,sinop,merkez,sinop_merkez,2000_sinop_merkez,49839
2000,sinop,sarayduzu,sinop_sarayduzu,2000_sinop_sarayduzu,8217
2000,sinop,turkeli,sinop_turkeli,2000_sinop_turkeli,20904
2000,sirnak,beytussebap,sirnak_beytussebap,2000_sirnak_beytussebap,20659
2000,sirnak,cizre,sirnak_cizre,2000_sirnak_cizre,82042
2000,sirnak,guclukonak,sirnak_guclukonak,2000_sirnak_guclukonak,10300
2000,sirnak,idil,sirnak_idil,2000_sirnak_idil,59993
2000,sirnak,merkez,sirnak_merkez,2000_sirnak_merkez,69853
2000,sirnak,silopi,sirnak_silopi,2000_sirnak_silopi,75192
2000,sirnak,uludere,sirnak_uludere,2000_sirnak_uludere,35158
2000,sivas,akincilar,sivas_akincilar,2000_sivas_akincilar,8353
2000,sivas,altinyayla,sivas_altinyayla,2000_sivas_altinyayla,15713
2000,sivas,divrigi,sivas_divrigi,2000_sivas_divrigi,23313
2000,sivas,dogansar,sivas_dogansar,2000_sivas_dogansar,6314
2000,sivas,gemerek,sivas_gemerek,2000_sivas_gemerek,54692
2000,sivas,golova,sivas_golova,2000_sivas_golova,6272
2000,sivas,gurun,sivas_gurun,2000_sivas_gurun,26742
2000,sivas,hafik,sivas_hafik,2000_sivas_hafik,19213
2000,sivas,imranli,sivas_imranli,2000_sivas_imranli,13883
2000,sivas,kangal,sivas_kangal,2000_sivas_kangal,37049
2000,sivas,koyulhisar,sivas_koyulhisar,2000_sivas_koyulhisar,24934
2000,sivas,merkez,sivas_merkez,2000_sivas_merkez,299935
2000,sivas,sarkisla,sivas_sarkisla,2000_sivas_sarkisla,49318
2000,sivas,susehri,sivas_susehri,2000_sivas_susehri,44731
2000,sivas,ulas,sivas_ulas,2000_sivas_ulas,14972
2000,sivas,yildizeli,sivas_yildizeli,2000_sivas_yildizeli,76232
2000,sivas,zara,sivas_zara,2000_sivas_zara,33425
2000,tekirdag,cerkezkoy,tekirdag_cerkezkoy,2000_tekirdag_cerkezkoy,82685
2000,tekirdag,corlu,tekirdag_corlu,2000_tekirdag_corlu,179033
2000,tekirdag,hayrabolu,tekirdag_hayrabolu,2000_tekirdag_hayrabolu,40130
2000,tekirdag,malkara,tekirdag_malkara,2000_tekirdag_malkara,59125
2000,tekirdag,marmaraereglisi,tekirdag_marmaraereglisi,2000_tekirdag_marmaraereglisi,19955
2000,tekirdag,merkez,tekirdag_merkez,2000_tekirdag_merkez,142105
2000,tekirdag,muratli,tekirdag_muratli,2000_tekirdag_muratli,26681
2000,tekirdag,saray,tekirdag_saray,2000_tekirdag_saray,41217
2000,tekirdag,sarkoy,tekirdag_sarkoy,2000_tekirdag_sarkoy,32660
2000,tokat,almus,tokat_almus,2000_tokat_almus,43470
2000,tokat,artova,tokat_artova,2000_tokat_artova,16246
2000,tokat,basciftlik,tokat_basciftlik,2000_tokat_basciftlik,13321
2000,tokat,erbaa,tokat_erbaa,2000_tokat_erbaa,100586
2000,tokat,merkez,tokat_merkez,2000_tokat_merkez,174700
2000,tokat,niksar,tokat_niksar,2000_tokat_niksar,90672
2000,tokat,pazar,tokat_pazar,2000_tokat_pazar,20295
2000,tokat,resadiye,tokat_resadiye,2000_tokat_resadiye,101900
2000,tokat,sulusaray,tokat_sulusaray,2000_tokat_sulusaray,11202
2000,tokat,turhal,tokat_turhal,2000_tokat_turhal,130985
2000,tokat,yesilyurt,tokat_yesilyurt,2000_tokat_yesilyurt,14511
2000,tokat,zile,tokat_zile,2000_tokat_zile,110139
2000,trabzon,akcaabat,trabzon_akcaabat,2000_trabzon_akcaabat,120693
2000,trabzon,arakli,trabzon_arakli,2000_trabzon_arakli,62139
2000,trabzon,arsin,trabzon_arsin,2000_trabzon_arsin,35863
2000,trabzon,besikduzu,trabzon_besikduzu,2000_trabzon_besikduzu,47331
2000,trabzon,carsibasi,trabzon_carsibasi,2000_trabzon_carsibasi,17456
2000,trabzon,caykara,trabzon_caykara,2000_trabzon_caykara,35435
2000,trabzon,dernekpazari,trabzon_dernekpazari,2000_trabzon_dernekpazari,8127
2000,trabzon,duzkoy,trabzon_duzkoy,2000_trabzon_duzkoy,24892
2000,trabzon,hayrat,trabzon_hayrat,2000_trabzon_hayrat,21308
2000,trabzon,koprubasi,trabzon_koprubasi,2000_trabzon_koprubasi,10827
2000,trabzon,macka,trabzon_macka,2000_trabzon_macka,42557
2000,trabzon,merkez,trabzon_merkez,2000_trabzon_merkez,283233
2000,trabzon,of,trabzon_of,2000_trabzon_of,78560
2000,trabzon,salpazari,trabzon_salpazari,2000_trabzon_salpazari,23390
2000,trabzon,surmene,trabzon_surmene,2000_trabzon_surmene,42256
2000,trabzon,tonya,trabzon_tonya,2000_trabzon_tonya,28107
2000,trabzon,vakfikebir,trabzon_vakfikebir,2000_trabzon_vakfikebir,53227
2000,trabzon,yomra,trabzon_yomra,2000_trabzon_yomra,39736
2000,tunceli,cemisgezek,tunceli_cemisgezek,2000_tunceli_cemisgezek,9773
2000,tunceli,hozat,tunceli_hozat,2000_tunceli_hozat,9143
2000,tunceli,mazgirt,tunceli_mazgirt,2000_tunceli_mazgirt,12957
2000,tunceli,merkez,tunceli_merkez,2000_tunceli_merkez,30323
2000,tunceli,nazimiye,tunceli_nazimiye,2000_tunceli_nazimiye,5604
2000,tunceli,ovacik,tunceli_ovacik,2000_tunceli_ovacik,8522
2000,tunceli,pertek,tunceli_pertek,2000_tunceli_pertek,13199
2000,tunceli,pulumur,tunceli_pulumur,2000_tunceli_pulumur,4063
2000,usak,banaz,usak_banaz,2000_usak_banaz,43350
2000,usak,esme,usak_esme,2000_usak_esme,38869
2000,usak,karahalli,usak_karahalli,2000_usak_karahalli,14423
2000,usak,merkez,usak_merkez,2000_usak_merkez,179458
2000,usak,sivasli,usak_sivasli,2000_usak_sivasli,26196
2000,usak,ulubey,usak_ulubey,2000_usak_ulubey,20017
2000,van,bahcesaray,van_bahcesaray,2000_van_bahcesaray,16795
2000,van,baskale,van_baskale,2000_van_baskale,55563
2000,van,caldiran,van_caldiran,2000_van_caldiran,56485
2000,van,catak,van_catak,2000_van_catak,23816
2000,van,edremit,van_edremit,2000_van_edremit,18005
2000,van,ercis,van_ercis,2000_van_ercis,147421
2000,van,gevas,van_gevas,2000_van_gevas,29557
2000,van,gurpinar,van_gurpinar,2000_van_gurpinar,37226
2000,van,merkez,van_merkez,2000_van_merkez,356494
2000,van,muradiye,van_muradiye,2000_van_muradiye,54692
2000,van,ozalp,van_ozalp,2000_van_ozalp,59892
2000,van,saray,van_saray,2000_van_saray,21578
2000,yalova,altinova,yalova_altinova,2000_yalova_altinova,22801
2000,yalova,armutlu,yalova_armutlu,2000_yalova_armutlu,7858
2000,yalova,ciftlikkoy,yalova_ciftlikkoy,2000_yalova_ciftlikkoy,24789
2000,yalova,cinarcik,yalova_cinarcik,2000_yalova_cinarcik,21650
2000,yalova,merkez,yalova_merkez,2000_yalova_merkez,86091
2000,yalova,termal,yalova_termal,2000_yalova_termal,5404
2000,yozgat,akdagmadeni,yozgat_akdagmadeni,2000_yozgat_akdagmadeni,61373
2000,yozgat,aydincik,yozgat_aydincik,2000_yozgat_aydincik,25955
2000,yozgat,bogazliyan,yozgat_bogazliyan,2000_yozgat_bogazliyan,67184
2000,yozgat,candir,yozgat_candir,2000_yozgat_candir,19037
2000,yozgat,cayiralan,yozgat_cayiralan,2000_yozgat_cayiralan,32880
2000,yozgat,cekerek,yozgat_cekerek,2000_yozgat_cekerek,40689
2000,yozgat,kadisehri,yozgat_kadisehri,2000_yozgat_kadisehri,23317
2000,yozgat,merkez,yozgat_merkez,2000_yozgat_merkez,113614
2000,yozgat,saraykent,yozgat_saraykent,2000_yozgat_saraykent,26077
2000,yozgat,sarikaya,yozgat_sarikaya,2000_yozgat_sarikaya,58026
2000,yozgat,sefaatli,yozgat_sefaatli,2000_yozgat_sefaatli,30013
2000,yozgat,sorgun,yozgat_sorgun,2000_yozgat_sorgun,120262
2000,yozgat,yenifakili,yozgat_yenifakili,2000_yozgat_yenifakili,15603
2000,yozgat,yerkoy,yozgat_yerkoy,2000_yozgat_yerkoy,48889
2000,zonguldak,alapli,zonguldak_alapli,2000_zonguldak_alapli,44578
2000,zonguldak,caycuma,zonguldak_caycuma,2000_zonguldak_caycuma,100685
2000,zonguldak,devrek,zonguldak_devrek,2000_zonguldak_devrek,66518
2000,zonguldak,eregli,zonguldak_eregli,2000_zonguldak_eregli,159808
2000,zonguldak,gokcebey,zonguldak_gokcebey,2000_zonguldak_gokcebey,25588
2000,zonguldak,merkez,zonguldak_merkez,2000_zonguldak_merkez,218422